Unnamed: 0,canonical_smiles,molecule_chembl_id,pchembl_value,target_chembl_id,target_pref_name,value
19437,CC(C)(C)c1nc2c3ccc(F)cc3c4C(=O)NC=Cc4c2[nH]1,CHEMBL21156,5.11,CHEMBL3234,Tyrosine-protein kinase HCK,7.7
19438,Cc1cccc(Cl)c1NC(=O)c2cnc(NC(=O)C3CC3)s2,CHEMBL131577,6.51,CHEMBL3234,Tyrosine-protein kinase HCK,0.31
19439,Cc1cc(Nc2ncc(s2)C(=O)Nc3c(C)cccc3Cl)nc(C)n1,CHEMBL364623,8.7,CHEMBL3234,Tyrosine-protein kinase HCK,0.002
19440,CCOc1cc2ncc(C#N)c(Nc3ccc(F)c(Cl)c3)c2cc1NC(=O)\C=C\CN(C)C,CHEMBL607707,5.64,CHEMBL3234,Tyrosine-protein kinase HCK,2.3
19441,CCN(CC)CCNC(=O)c1c(C)[nH]c(\C=C\2/C(=O)Nc3ccc(F)cc23)c1C,CHEMBL535,5.48,CHEMBL3234,Tyrosine-protein kinase HCK,3.3
19442,CN(C)C[C@@H]1CCn2cc(C3=C(C(=O)NC3=O)c4cn(CCO1)c5ccccc45)c6ccccc26,CHEMBL91829,5.55,CHEMBL3234,Tyrosine-protein kinase HCK,2.8
19443,CN[C@@H]1C[C@H]2O[C@@](C)([C@@H]1OC)n3c4ccccc4c5c6CNC(=O)c6c7c8ccccc8n2c7c35,CHEMBL388978,7.92,CHEMBL3234,Tyrosine-protein kinase HCK,0.012
19444,Fc1ccc(SC2=NN3C=NC(=O)C(=C3C=C2)c4c(Cl)cccc4Cl)c(F)c1,CHEMBL119385,5.0,CHEMBL3234,Tyrosine-protein kinase HCK,10.0
19445,COc1cc2c(Nc3ccc(Br)cc3F)ncnc2cc1OCC4CCN(C)CC4,CHEMBL24828,5.38,CHEMBL3234,Tyrosine-protein kinase HCK,4.2
19446,Fc1ccc(Nc2ncnc3cc(OCCCN4CCOCC4)c(NC(=O)C=C)cc23)cc1Cl,CHEMBL31965,5.24,CHEMBL3234,Tyrosine-protein kinase HCK,5.7
19447,COc1cc(ccc1NC(=O)c2cc3ccccc3n2C)c4nn([C@@H]5CC[C@H](CC5)N6CCN(CC6)C(=O)C)c7ncnc(N)c47,CHEMBL197603,5.91,CHEMBL3234,Tyrosine-protein kinase HCK,1.22
19448,CCN(CC)CCOc1ccc(Nc2ncc3C=C(N4N(CCC4=O)c3n2)c5c(Cl)cccc5Cl)cc1,CHEMBL379517,7.32,CHEMBL3234,Tyrosine-protein kinase HCK,48.0
19449,CN(C)c1ccc(Nc2ncc3C=C(N4N(CCC4=O)c3n2)c5cc(O)ccc5Cl)cc1,CHEMBL211852,6.26,CHEMBL3234,Tyrosine-protein kinase HCK,546.0
19450,CN1CCN(CC1)c2ccc(Nc3ncc4C=C(N5N(CCC5=O)c4n3)c6cc(O)ccc6Cl)cc2,CHEMBL213356,6.34,CHEMBL3234,Tyrosine-protein kinase HCK,456.0
19451,Clc1cccc(Cl)c1C2=Cc3cnc(Nc4ccc(cc4)N5CCOCC5)nc3N6CCC(=O)N26,CHEMBL213745,6.8,CHEMBL3234,Tyrosine-protein kinase HCK,160.0
19453,CCN(CC)CCNc1cc(Nc2cc(O)ccc2C)nc(n1)n3cnc4ccccc34,CHEMBL434369,7.34,CHEMBL3234,Tyrosine-protein kinase HCK,46.0
19454,COc1cc(ccc1NC(=O)c2cc3ccccc3n2C)c4csc5c(\C=C\CN6CCC(O)CC6)cnc(N)c45,CHEMBL233958,5.0,CHEMBL3234,Tyrosine-protein kinase HCK,10.0
19455,COc1cc(ccc1NC(=O)c2cc3ccccc3n2C)c4csc5c(\C=C\CN[C@@H]6CC[C@H](N)CC6)cnc(N)c45,CHEMBL395666,4.7,CHEMBL3234,Tyrosine-protein kinase HCK,20.1
19456,COc1cc(ccc1NC(=O)c2cc3ccccc3n2C)c4csc5c(\C=C\CN[C@@H]6CC[C@@H](N)CC6)cnc(N)c45,CHEMBL395665,4.62,CHEMBL3234,Tyrosine-protein kinase HCK,24.1
19457,COc1cc(ccc1NC(=O)c2cc3ccccc3n2C)c4csc5c(\C=C\CNC6CCNCC6)cnc(N)c45,CHEMBL395664,4.62,CHEMBL3234,Tyrosine-protein kinase HCK,24.2
19458,COc1cc(ccc1NC(=O)c2cc3ccccc3n2C)c4csc5c(\C=C\CN6CCN(C)C(=O)C6)cnc(N)c45,CHEMBL395663,4.89,CHEMBL3234,Tyrosine-protein kinase HCK,12.9
19459,COc1cc(ccc1NC(=O)c2cc3ccccc3n2C)c4csc5c(\C=C\CN6CCN(C)CC6)cnc(N)c45,CHEMBL395662,5.22,CHEMBL3234,Tyrosine-protein kinase HCK,5.97
19460,COc1cc(ccc1NC(=O)c2cc3ccccc3n2C)c4csc5c(\C=C\CNC(=O)C)cnc(N)c45,CHEMBL232927,5.63,CHEMBL3234,Tyrosine-protein kinase HCK,2.36
19461,COc1cc(ccc1NC(=O)c2cc3ccccc3n2C)c4csc5c(\C=C\CNC(=O)Nc6ccccc6)cnc(N)c45,CHEMBL395433,4.66,CHEMBL3234,Tyrosine-protein kinase HCK,21.9
19462,COc1cc(ccc1NC(=O)c2cc3ccccc3n2C)c4csc5c(\C=C\CNS(=O)(=O)C)cnc(N)c45,CHEMBL232731,5.37,CHEMBL3234,Tyrosine-protein kinase HCK,4.3
19463,CCN(CC)C\C=C\c1cnc(N)c2c(csc12)c3ccc(NC(=O)c4cc5ccccc5n4C)c(OC)c3,CHEMBL232542,4.87,CHEMBL3234,Tyrosine-protein kinase HCK,13.6
19464,COc1cc(ccc1NC(=O)c2cc3ccccc3n2C)c4csc5c(\C=C\CN)cnc(N)c45,CHEMBL232127,5.06,CHEMBL3234,Tyrosine-protein kinase HCK,8.8
19465,COc1cc(ccc1NC(=O)c2cc3ccccc3n2C)c4csc5c(\C=C\CO)cnc(N)c45,CHEMBL232126,5.63,CHEMBL3234,Tyrosine-protein kinase HCK,2.36
19466,COc1cc(ccc1NC(=O)c2cc3ccccc3n2C)c4csc5C(CN=C(N)c45)\C=C\C(=O)NC6CCNCC6,CHEMBL396359,5.89,CHEMBL3234,Tyrosine-protein kinase HCK,1.29
19467,COc1cc(ccc1NC(=O)c2cc3ccccc3n2C)c4csc5c(\C=C\C(=O)N)cnc(N)c45,CHEMBL231930,5.65,CHEMBL3234,Tyrosine-protein kinase HCK,2.26
19468,COc1cc(ccc1NC(=O)c2cc3ccccc3n2C)c4csc5c(cnc(N)c45)C(=O)NCCN6CCCC6,CHEMBL232588,5.59,CHEMBL3234,Tyrosine-protein kinase HCK,2.55
19469,COc1cc(ccc1NC(=O)c2cc3ccccc3n2C)c4csc5c(cnc(N)c45)C(=O)NCCN(C)C,CHEMBL232334,5.71,CHEMBL3234,Tyrosine-protein kinase HCK,1.97
19470,COc1cc(ccc1NC(=O)c2cc3ccccc3n2C)c4csc5c(cnc(N)c45)C(=O)N,CHEMBL232125,5.85,CHEMBL3234,Tyrosine-protein kinase HCK,1.41
19471,COc1cc(ccc1NC(=O)c2cc3ccccc3n2C)c4csc5c(NC(=O)CCN6CCCC6)cnc(N)c45,CHEMBL397143,4.34,CHEMBL3234,Tyrosine-protein kinase HCK,45.29
19472,COCC(=O)Nc1cccc2c1Cc3c2n[nH]c3c4csc(c4)C#CCOc5ccccc5,CHEMBL245769,4.52,CHEMBL3234,Tyrosine-protein kinase HCK,30.27
19473,CC(C)(C)n1nc(c2ccc(Cl)cc2)c3c(N)ncnc13,CHEMBL406845,8.3,CHEMBL3234,Tyrosine-protein kinase HCK,5.0
19474,Cc1c(Nc2c(cnc3sc(\C=C\C(=O)N4CCCC4)cc23)C#N)ccc5[nH]ccc15,CHEMBL477817,7.58,CHEMBL3234,Tyrosine-protein kinase HCK,26.0
19475,CCN1CCN(Cc2ccc(NC(=O)Nc3ccc(Oc4cc(NC)ncn4)cc3)cc2C(F)(F)F)CC1,CHEMBL574738,6.06,CHEMBL3234,Tyrosine-protein kinase HCK,880.0
19476,CCN(CCO)CCCOc1ccc2c(Nc3cc(CC(=O)Nc4cccc(F)c4)[nH]n3)ncnc2c1,CHEMBL215152,5.41,CHEMBL3234,Tyrosine-protein kinase HCK,3900.0
19477,CN1CCN(CC1)c2ccc3nc([nH]c3c2)C4=C(N)c5c(F)cccc5NC4=O,CHEMBL522892,5.48,CHEMBL3234,Tyrosine-protein kinase HCK,3300.0
19478,Cn1c(Nc2ccc(cc2)C(F)(F)F)nc3cc(Oc4ccnc(c4)c5ncc([nH]5)C(F)(F)F)ccc13,CHEMBL558752,5.92,CHEMBL3234,Tyrosine-protein kinase HCK,1200.0
19480,Cc1nc(Nc2ncc(s2)C(=O)Nc3c(C)cccc3Cl)cc(n1)N4CCN(CCO)CC4,CHEMBL1421,9.46,CHEMBL3234,Tyrosine-protein kinase HCK,0.35
19482,COCCOc1cc2ncnc(Nc3cccc(c3)C#C)c2cc1OCCOC,CHEMBL553,5.75,CHEMBL3234,Tyrosine-protein kinase HCK,1800.0
19483,COc1cc2ncnc(Nc3ccc(F)c(Cl)c3)c2cc1OCCCN4CCOCC4,CHEMBL939,5.36,CHEMBL3234,Tyrosine-protein kinase HCK,4400.0
19484,OC(=O)c1ccc(Nc2ncc3CN=C(c4cc(Cl)ccc4c3n2)c5c(F)cccc5F)cc1,CHEMBL259084,5.82,CHEMBL3234,Tyrosine-protein kinase HCK,1500.0
19485,CO[C@@H]1[C@@H](C[C@H]2O[C@]1(C)n3c4ccccc4c5c6CNC(=O)c6c7c8ccccc8n2c7c35)N(C)C(=O)c9ccccc9,CHEMBL608533,6.14,CHEMBL3234,Tyrosine-protein kinase HCK,720.0
19487,Cc1[nH]c(\C=C\2/C(=O)Nc3ccc(F)cc23)c(C)c1C(=O)NC[C@H](O)CN4CCOCC4,CHEMBL1721885,5.66,CHEMBL3234,Tyrosine-protein kinase HCK,2200.0
19490,CC1(C)CC(CC(C)(C)N1[O])N=C(O)c2cccc(c2)c3cc4nccc(Nc5cccc(O)c5)n4n3,CHEMBL1163016,7.8,CHEMBL3234,Tyrosine-protein kinase HCK,0.016
19491,Cc1c(Nc2c(\C=C\CCN3CCC[C@@H](N)C3)cncc2C#N)ccc4[nH]ccc14,CHEMBL606245,5.26,CHEMBL3234,Tyrosine-protein kinase HCK,5500.0
19492,CN1CCN(CC1)S(=O)(=O)c2cccc(\C=C\c3cncc(C#N)c3Nc4ccc5[nH]ccc5c4C)c2,CHEMBL1080994,6.26,CHEMBL3234,Tyrosine-protein kinase HCK,550.0
19493,CN1C[C@@H]2C[C@H]1CN2c3ccc(cc3)c4ccnc5c(c6cccc(O)c6)c(nn45)c7ccncc7,CHEMBL1087650,5.91,CHEMBL3234,Tyrosine-protein kinase HCK,1.24
19494,Cc1ccc(NC(=O)c2cccc(Cl)c2)cc1Nc3nc4ccccc4n3c5cc(N)ncn5,CHEMBL1079422,6.32,CHEMBL3234,Tyrosine-protein kinase HCK,475.0
19495,Cc1ccc(NC(=O)c2cccc(c2)C(F)(F)F)cc1Nc3nc4ccccc4n3c5cc(N)ncn5,CHEMBL1079945,7.37,CHEMBL3234,Tyrosine-protein kinase HCK,43.0
19496,Cc1ccc(NC(=O)c2cc(Cl)cc(Cl)c2)cc1Nc3nc4ccccc4n3c5cc(N)ncn5,CHEMBL1079946,6.92,CHEMBL3234,Tyrosine-protein kinase HCK,121.0
19497,Cc1cccc(c1)C(=O)Nc2ccc(C)c(Nc3nc4ccccc4n3c5cc(N)ncn5)c2,CHEMBL1080299,6.61,CHEMBL3234,Tyrosine-protein kinase HCK,245.0
19498,Cc1ccc(NC(=O)c2ccncc2C(C)(C)C)cc1Nc3nc4ccccc4n3c5cc(N)ncn5,CHEMBL1080475,7.34,CHEMBL3234,Tyrosine-protein kinase HCK,46.0
19499,CN1CCC(CC1)Oc2cc(cc(c2)C(F)(F)F)C(=O)Nc3ccc(C)c(Nc4nc5ccccc5n4c6cc(N)ncn6)c3,CHEMBL1076432,7.57,CHEMBL3234,Tyrosine-protein kinase HCK,27.0
19500,Cc1ccc(NC(=O)c2ccc(s2)C(C)(C)C)cc1Nc3nc4ccccc4n3c5cc(N)ncn5,CHEMBL1086731,7.08,CHEMBL3234,Tyrosine-protein kinase HCK,84.0
19501,Cc1ccc(NC(=O)c2cc(n[nH]2)C3CC3)cc1Nc4nc5ccccc5n4c6cc(N)ncn6,CHEMBL1086860,6.35,CHEMBL3234,Tyrosine-protein kinase HCK,446.0
19502,Cc1ccc(NC(=O)c2cc(nn2C)C(C)(C)C)cc1Nc3nc4ccccc4n3c5cc(N)ncn5,CHEMBL1088153,6.07,CHEMBL3234,Tyrosine-protein kinase HCK,844.0
19503,CCN1CCN(Cc2ccc(cc2Cl)C(=O)Nc3ccc(C)c(Nc4nc5ccccc5n4c6cc(N)ncn6)c3)CC1,CHEMBL1076433,8.05,CHEMBL3234,Tyrosine-protein kinase HCK,9.0
19504,CN1CCN(Cc2cc(nn2C(C)(C)C)C(=O)Nc3ccc(C)c(Nc4nc5ccccc5n4c6cc(N)ncn6)c3)CC1,CHEMBL1075628,7.96,CHEMBL3234,Tyrosine-protein kinase HCK,11.0
19505,CN1CCN(CC1)c2cc(cc(c2)C(F)(F)F)C(=O)Nc3ccc(C)c(Nc4nc5ccccc5n4c6cc(N)ncn6)c3,CHEMBL1076436,7.7,CHEMBL3234,Tyrosine-protein kinase HCK,20.0
19506,CCN1CCN(CC1)c2cc(cc(c2)C(F)(F)F)C(=O)Nc3ccc(C)c(Nc4nc5ccccc5n4c6cc(N)ncn6)c3,CHEMBL1076437,7.8,CHEMBL3234,Tyrosine-protein kinase HCK,16.0
19507,Cc1ccc(NC(=O)c2cccc(c2)C(F)(F)F)cc1Nc3nc4ccccc4n3c5cc(Cl)ncn5,CHEMBL1088429,5.42,CHEMBL3234,Tyrosine-protein kinase HCK,3826.0
19508,Cc1ccc(NC(=O)c2cccc(c2)C(F)(F)F)cc1Nc3nc4ccccc4n3c5cc(NCCCN)ncn5,CHEMBL1076465,5.71,CHEMBL3234,Tyrosine-protein kinase HCK,1960.0
19509,Cc1ccc(NC(=O)c2cccc(c2)C(F)(F)F)cc1Nc3nc4ccccc4n3c5cc(NCCCCN)ncn5,CHEMBL1076466,6.46,CHEMBL3234,Tyrosine-protein kinase HCK,345.0
19510,CCN(CC)CCNc1cc(ncn1)n2c(Nc3cc(NC(=O)c4cccc(c4)C(F)(F)F)ccc3C)nc5ccccc25,CHEMBL1076468,6.42,CHEMBL3234,Tyrosine-protein kinase HCK,378.0
19511,CN(C)CCCCNc1cc(ncn1)n2c(Nc3cc(NC(=O)c4cccc(c4)C(F)(F)F)ccc3C)nc5ccccc25,CHEMBL1076469,7.19,CHEMBL3234,Tyrosine-protein kinase HCK,65.0
19512,CCN(CC)CCCCNc1cc(ncn1)n2c(Nc3cc(NC(=O)c4cccc(c4)C(F)(F)F)ccc3C)nc5ccccc25,CHEMBL1076470,6.37,CHEMBL3234,Tyrosine-protein kinase HCK,430.0
19513,Cc1ccc(NC(=O)c2cccc(c2)C(F)(F)F)cc1Nc3nc4ccccc4n3c5cc(NCCCC6COCCN6)ncn5,CHEMBL1076471,7.31,CHEMBL3234,Tyrosine-protein kinase HCK,49.0
19514,Cc1ccc(NC(=O)c2cccc(c2)C(F)(F)F)cc1Nc3nc4ccccc4n3c5cc(NCCC6CCCN6)ncn5,CHEMBL1076472,6.09,CHEMBL3234,Tyrosine-protein kinase HCK,805.0
19515,Cc1ccc(NC(=O)c2cccc(c2)C(F)(F)F)cc1Nc3nc4ccccc4n3c5cc(N[C@@H]6CC[C@@H](N)CC6)ncn5,CHEMBL1076473,6.35,CHEMBL3234,Tyrosine-protein kinase HCK,450.0
19516,Cc1ccc(NC(=O)c2cccc(c2)C(F)(F)F)cc1Nc3nc4ccccc4n3c5cc(NCCc6ccccn6)ncn5,CHEMBL1076475,6.04,CHEMBL3234,Tyrosine-protein kinase HCK,917.0
19517,CN1CCN(CCNc2cc(ncn2)n3c(Nc4cc(NC(=O)c5cccc(c5)C(F)(F)F)ccc4C)nc6ccccc36)CC1,CHEMBL1076477,7.16,CHEMBL3234,Tyrosine-protein kinase HCK,69.0
19518,CN1CCN(CCCNc2cc(ncn2)n3c(Nc4cc(NC(=O)c5cccc(c5)C(F)(F)F)ccc4C)nc6ccccc36)CC1,CHEMBL1076478,7.51,CHEMBL3234,Tyrosine-protein kinase HCK,31.0
19519,Cc1ccc(NC(=O)c2cccc(c2)C(F)(F)F)cc1Nc3nc4ccccc4n3c5cc(NCCO)ncn5,CHEMBL1087638,6.72,CHEMBL3234,Tyrosine-protein kinase HCK,192.0
19520,COCCNc1cc(ncn1)n2c(Nc3cc(NC(=O)c4cccc(c4)C(F)(F)F)ccc3C)nc5ccccc25,CHEMBL1076480,6.39,CHEMBL3234,Tyrosine-protein kinase HCK,405.0
19521,CC(C)c1cccc(NC(=O)c2ccc(C)c(Nc3nc4ccccc4n3c5cc(N)ncn5)c2)c1,CHEMBL1087127,6.82,CHEMBL3234,Tyrosine-protein kinase HCK,151.0
19522,Cc1ccc(cc1Nc2nc3ccccc3n2c4cc(N)ncn4)C(=O)Nc5cccc(c5)C(C)(C)C,CHEMBL1087128,6.86,CHEMBL3234,Tyrosine-protein kinase HCK,139.0
19523,Cc1cn(cn1)c2cc(NC(=O)c3ccc(C)c(Nc4nc5ccccc5n4c6cc(N)ncn6)c3)cc(c2)C(F)(F)F,CHEMBL1076193,6.04,CHEMBL3234,Tyrosine-protein kinase HCK,904.0
19524,CCN(CC)CCCCNc1cc(ncn1)n2c(Nc3cc(ccc3C)C(=O)Nc4cccc(C)c4)nc5ccccc25,CHEMBL1076195,5.74,CHEMBL3234,Tyrosine-protein kinase HCK,1810.0
19525,CN1CCN(CCCNc2cc(ncn2)n3c(Nc4cc(ccc4C)C(=O)Nc5cccc(C)c5)nc6ccccc36)CC1,CHEMBL1076197,5.73,CHEMBL3234,Tyrosine-protein kinase HCK,1875.0
19526,CN(C)CCCCNc1cc(ncn1)n2c(Nc3cc(ccc3C)C(=O)Nc4cccc(c4)C(F)(F)F)nc5ccccc25,CHEMBL1076198,7.25,CHEMBL3234,Tyrosine-protein kinase HCK,56.0
19527,CCN(CC)CCCCNc1cc(ncn1)n2c(Nc3cc(ccc3C)C(=O)Nc4cccc(c4)C(F)(F)F)nc5ccccc25,CHEMBL1076199,6.32,CHEMBL3234,Tyrosine-protein kinase HCK,475.0
19528,CN1CCN(CCNc2cc(ncn2)n3c(Nc4cc(ccc4C)C(=O)Nc5cccc(c5)C(F)(F)F)nc6ccccc36)CC1,CHEMBL1076200,6.89,CHEMBL3234,Tyrosine-protein kinase HCK,130.0
19529,CN1CCN(CCCNc2cc(ncn2)n3c(Nc4cc(ccc4C)C(=O)Nc5cccc(c5)C(F)(F)F)nc6ccccc36)CC1,CHEMBL1076201,6.58,CHEMBL3234,Tyrosine-protein kinase HCK,260.0
19530,CN1CCN(CCCNc2ncnc(n2)n3c(Nc4cc(ccc4C)C(=O)Nc5cccc(c5)C(F)(F)F)nc6ccccc36)CC1,CHEMBL1076203,7.27,CHEMBL3234,Tyrosine-protein kinase HCK,54.0
19531,Cn1cc(\C=C\2/Oc3cccc(O)c3C2=O)c4c(ccnc14)c5ccc(cc5)C(=O)NCCO,CHEMBL1092754,4.57,CHEMBL3234,Tyrosine-protein kinase HCK,27.1
19532,CN1CCN(CC1)c2cccc(c2)c3cnn4c(N)c(cnc34)c5ccc(O)cc5,CHEMBL1083091,6.47,CHEMBL3234,Tyrosine-protein kinase HCK,342.0
19533,CN1CCN(CC1)c2ccc(cc2)c3cnn4c(N)c(cnc34)c5ccc(O)cc5,CHEMBL1083092,7.07,CHEMBL3234,Tyrosine-protein kinase HCK,85.0
19534,CN1CCN(CC1)c2cccc(c2)c3cnn4c(N)c(cnc34)c5ccc(NC(=O)CCC6CCCC6)cc5,CHEMBL1085316,7.43,CHEMBL3234,Tyrosine-protein kinase HCK,37.0
19535,CN1CCN(CC1)c2cccc(c2)c3cnn4c(N)c(cnc34)c5ccc(NC(=O)c6ccc(cc6)C(F)(F)F)cc5,CHEMBL1085240,6.53,CHEMBL3234,Tyrosine-protein kinase HCK,295.0
19536,CC(C)COC(=O)Nc1ccc(cc1)c2cnc3c(cnn3c2N)c4cccc(c4)N5CCN(C)CC5,CHEMBL1085317,6.23,CHEMBL3234,Tyrosine-protein kinase HCK,594.0
19537,CN1CCN(CC1)c2cccc(c2)c3cnn4c(N)c(cnc34)c5ccc(NC(=O)Oc6ccccc6)cc5,CHEMBL1085564,6.71,CHEMBL3234,Tyrosine-protein kinase HCK,193.0
19538,CN1CCN(CC1)c2cccc(c2)c3cnn4c(N)c(cnc34)c5ccc(NC(=O)Nc6ccccc6Cl)cc5,CHEMBL1085061,6.76,CHEMBL3234,Tyrosine-protein kinase HCK,172.0
19539,CN1CCN(CC1)c2cccc(c2)c3cnn4c(N)c(cnc34)c5ccc(NC(=O)NCC6CCCCC6)cc5,CHEMBL1084028,7.16,CHEMBL3234,Tyrosine-protein kinase HCK,70.0
19540,CN(C1CCCCC1)C(=O)Nc2ccc(cc2)c3cnc4c(cnn4c3N)c5cccc(c5)N6CCN(C)CC6,CHEMBL1084302,6.96,CHEMBL3234,Tyrosine-protein kinase HCK,110.0
19541,CN1CCN(CC1)c2ccc(cc2)c3cnn4c(N)c(cnc34)c5ccc(NC(=O)CCC6CCCC6)cc5,CHEMBL1083001,7.85,CHEMBL3234,Tyrosine-protein kinase HCK,14.0
19542,CN1CCN(CC1)c2ccc(cc2)c3cnn4c(N)c(cnc34)c5ccc(NC(=O)c6ccc(cc6)C(F)(F)F)cc5,CHEMBL1085733,6.59,CHEMBL3234,Tyrosine-protein kinase HCK,256.0
19543,CC(C)COC(=O)Nc1ccc(cc1)c2cnc3c(cnn3c2N)c4ccc(cc4)N5CCN(C)CC5,CHEMBL1085511,6.74,CHEMBL3234,Tyrosine-protein kinase HCK,181.0
19544,CN1CCN(CC1)c2ccc(cc2)c3cnn4c(N)c(cnc34)c5ccc(NC(=O)Oc6ccccc6)cc5,CHEMBL1085512,7.06,CHEMBL3234,Tyrosine-protein kinase HCK,88.0
19545,CN1CCN(CC1)c2ccc(cc2)c3cnn4c(N)c(cnc34)c5ccc(NC(=O)Nc6ccccc6Cl)cc5,CHEMBL1084233,6.67,CHEMBL3234,Tyrosine-protein kinase HCK,215.0
19546,CN1CCN(CC1)c2ccc(cc2)c3cnn4c(N)c(cnc34)c5ccc(NC(=O)NCC6CCCCC6)cc5,CHEMBL1084234,7.68,CHEMBL3234,Tyrosine-protein kinase HCK,21.0
19547,CN(C1CCCCC1)C(=O)Nc2ccc(cc2)c3cnc4c(cnn4c3N)c5ccc(cc5)N6CCN(C)CC6,CHEMBL1082693,6.75,CHEMBL3234,Tyrosine-protein kinase HCK,178.0
19548,CC(C)COC(=O)Nc1ccc(c(C)c1)c2cnc3c(cnn3c2N)c4cccc(c4)N5CCN(C)CC5,CHEMBL1085996,6.34,CHEMBL3234,Tyrosine-protein kinase HCK,456.0
19549,CN1CCN(CC1)c2ccc(cc2)c3cnn4c(N)c(cnc34)c5cccc(O)c5,CHEMBL1083023,8.1,CHEMBL3234,Tyrosine-protein kinase HCK,8.0
19550,CC(C)COC(=O)Nc1ccc(cc1)c2cnc3c(cnn3c2N)c4cccc(c4)N5CCNCC5,CHEMBL1083644,6.51,CHEMBL3234,Tyrosine-protein kinase HCK,310.0
19551,CC(C)COC(=O)Nc1ccc(cc1)c2cnc3c(cnn3c2N)c4cccc(c4)N5CCN(CC5)S(=O)(=O)C,CHEMBL1082403,6.17,CHEMBL3234,Tyrosine-protein kinase HCK,676.0
19552,CC(C)COC(=O)Nc1ccc(cc1)c2cnc3c(cnn3c2N)c4cccc(c4)N5CCN(CC5)C(=O)CN,CHEMBL1082404,6.57,CHEMBL3234,Tyrosine-protein kinase HCK,270.0
19553,COCCN1CCN(CC1)c2ccc(cc2)c3cnn4c(N)c(cnc34)c5ccc(NC(=O)OCC(C)C)cc5,CHEMBL1082958,6.46,CHEMBL3234,Tyrosine-protein kinase HCK,349.0
19554,CC(C)n1nc(c2cc(O)cc(Br)c2)c3c(N)ncnc13,CHEMBL1242285,8.0,CHEMBL3234,Tyrosine-protein kinase HCK,0.01
19555,COCOc1cc(ccc1Br)c2nn(C(C)C)c3ncnc(N)c23,CHEMBL1242286,7.47,CHEMBL3234,Tyrosine-protein kinase HCK,0.034
19556,Cn1nc(c2ccc(Br)c(O)c2)c3c(N)ncnc13,CHEMBL1241299,7.62,CHEMBL3234,Tyrosine-protein kinase HCK,0.024
19557,Nc1ncnc2c1c(nn2C3CCC3)c4ccc(Br)c(O)c4,CHEMBL1242287,8.05,CHEMBL3234,Tyrosine-protein kinase HCK,0.0089
19558,Nc1ncnc2c1c(nn2C3CCCC3)c4ccc(Br)c(O)c4,CHEMBL1242376,7.92,CHEMBL3234,Tyrosine-protein kinase HCK,0.012
19559,CC(C)n1nc(c2ccc(F)c(O)c2)c3c(N)ncnc13,CHEMBL1242377,8.04,CHEMBL3234,Tyrosine-protein kinase HCK,0.0092
19560,C[C@H](CN)n1nc(c2ccc(F)c(O)c2)c3c(N)ncnc13,CHEMBL1242378,6.79,CHEMBL3234,Tyrosine-protein kinase HCK,0.161
19561,C[C@@H](CN)n1nc(c2ccc(F)c(O)c2)c3c(N)ncnc13,CHEMBL1242468,5.85,CHEMBL3234,Tyrosine-protein kinase HCK,1.4
19562,Nc1ncnc2c1c(nn2CCCC#N)c3ccc(F)c(O)c3,CHEMBL1242469,6.59,CHEMBL3234,Tyrosine-protein kinase HCK,0.258
19563,Nc1ncnc2c1c(nn2CCCCC#N)c3ccc(F)c(O)c3,CHEMBL1242470,7.15,CHEMBL3234,Tyrosine-protein kinase HCK,0.071
19564,Nc1ncnc2c1c(nn2C3CCC3)c4ccc(F)c(O)c4,CHEMBL1242566,7.96,CHEMBL3234,Tyrosine-protein kinase HCK,0.011
19565,Nc1ncnc2c1c(nn2C3CNC3)c4ccc(F)c(O)c4,CHEMBL1242567,7.38,CHEMBL3234,Tyrosine-protein kinase HCK,0.042
19566,Nc1ncnc2c1c(nn2C3CCCC3)c4ccc(F)c(O)c4,CHEMBL1242568,8.35,CHEMBL3234,Tyrosine-protein kinase HCK,0.0045
19567,CC1CCC(C1)n2nc(c3ccc(F)c(O)c3)c4c(N)ncnc24,CHEMBL1242656,8.24,CHEMBL3234,Tyrosine-protein kinase HCK,0.0057
19568,Nc1ncnc2c1c(nn2[C@H]3CCNC3)c4ccc(F)c(O)c4,CHEMBL1242657,7.6,CHEMBL3234,Tyrosine-protein kinase HCK,0.025
19569,Nc1ncnc2c1c(nn2[C@@H]3CCNC3)c4ccc(F)c(O)c4,CHEMBL1242658,7.07,CHEMBL3234,Tyrosine-protein kinase HCK,0.086
19570,Nc1ncnc2c1c(nn2[C@H]3CCOC3)c4ccc(F)c(O)c4,CHEMBL1242748,7.68,CHEMBL3234,Tyrosine-protein kinase HCK,0.021
19571,Nc1ncnc2c1c(nn2[C@@H]3CCOC3)c4ccc(F)c(O)c4,CHEMBL1242749,7.29,CHEMBL3234,Tyrosine-protein kinase HCK,0.051
19572,Nc1ncnc2c1c(nn2C3CCCCCC3)c4ccc(F)c(O)c4,CHEMBL1242750,7.52,CHEMBL3234,Tyrosine-protein kinase HCK,0.03
19573,Nc1ncnc2c1c(nn2CC3CCNCC3)c4ccc(F)c(O)c4,CHEMBL1242844,5.82,CHEMBL3234,Tyrosine-protein kinase HCK,1.53
19574,Cc1nn(nc1Cn2nc(c3ccc(F)c(O)c3)c4c(N)ncnc24)c5ccccc5,CHEMBL1242845,6.22,CHEMBL3234,Tyrosine-protein kinase HCK,0.596
19575,Nc1ncnc2c1c(nn2Cc3ocnc3c4ccccc4)c5ccc(F)c(O)c5,CHEMBL1241482,6.15,CHEMBL3234,Tyrosine-protein kinase HCK,0.7140000000000001
19576,COc1cc(ccc1F)c2nn(C(C)C)c3ncnc(N)c23,CHEMBL1241483,7.43,CHEMBL3234,Tyrosine-protein kinase HCK,0.037000000000000005
19577,CC(C)n1nc(c2ccc(Cl)c(O)c2)c3c(N)ncnc13,CHEMBL1241484,8.7,CHEMBL3234,Tyrosine-protein kinase HCK,0.002
19578,C[C@H](CN)n1nc(c2ccc(Cl)c(O)c2)c3c(N)ncnc13,CHEMBL1241579,7.48,CHEMBL3234,Tyrosine-protein kinase HCK,0.033
19579,C[C@@H](CN)n1nc(c2ccc(Cl)c(O)c2)c3c(N)ncnc13,CHEMBL1240544,6.71,CHEMBL3234,Tyrosine-protein kinase HCK,0.194
19580,Nc1ncnc2c1c(nn2C3CCC3)c4ccc(Cl)c(O)c4,CHEMBL1241580,8.24,CHEMBL3234,Tyrosine-protein kinase HCK,0.0058
19581,CC(C)n1nc(c2ccc(Br)c(O)c2)c3c(N)ncnc13,CHEMBL1241578,8.4,CHEMBL3234,Tyrosine-protein kinase HCK,0.004
19582,Nc1ncnc2c1c(nn2C3CCCC3)c4cnc5[nH]ccc5c4,CHEMBL1081312,8.1,CHEMBL3234,Tyrosine-protein kinase HCK,0.008
19583,CC(C)n1nc(c2ccc3ncccc3c2)c4c(N)ncnc14,CHEMBL1233882,7.06,CHEMBL3234,Tyrosine-protein kinase HCK,0.08800000000000001
19584,COc1ccc(cc1OC)c2nn(C3CCC3)c4ncnc(N)c24,CHEMBL1233881,6.89,CHEMBL3234,Tyrosine-protein kinase HCK,0.13
19585,CC(C)n1nc(c2cc3cc(O)ccc3[nH]2)c4c(N)ncnc14,CHEMBL1241674,5.92,CHEMBL3234,Tyrosine-protein kinase HCK,1.2
19586,Nc1ncnc2c1c(nn2C3CCCC3)c4ccn5ccnc5c4,CHEMBL1241675,5.05,CHEMBL3234,Tyrosine-protein kinase HCK,8.9
19587,CC(C)n1nc(c2cccc(O)c2)c3c(N)ncnc13,CHEMBL1230790,7.64,CHEMBL3234,Tyrosine-protein kinase HCK,0.023
19588,Cn1nc(c2ccc3ccccc3c2)c4c(N)ncnc14,CHEMBL1234815,6.58,CHEMBL3234,Tyrosine-protein kinase HCK,0.26
19589,CC(C)n1nc(c2ccc(O)cc2)c3c(N)ncnc13,CHEMBL1241241,7.33,CHEMBL3234,Tyrosine-protein kinase HCK,0.047
19590,CC(C)n1nc(c2ccc(O)cc2C)c3c(N)ncnc13,CHEMBL1242024,7.64,CHEMBL3234,Tyrosine-protein kinase HCK,0.023
19591,Cc1ccc(cc1OCc2ccccc2)c3n[nH]c4ncnc(N)c34,CHEMBL1242025,4.9,CHEMBL3234,Tyrosine-protein kinase HCK,12.7
19592,Cc1ccc(cc1O)c2n[nH]c3ncnc(N)c23,CHEMBL1241270,7.11,CHEMBL3234,Tyrosine-protein kinase HCK,0.078
19593,Cc1ccc(cc1O)c2nn(C)c3ncnc(N)c23,CHEMBL1241271,7.19,CHEMBL3234,Tyrosine-protein kinase HCK,0.065
19594,CC(C)n1nc(c2ccc(C)c(O)c2)c3c(N)ncnc13,CHEMBL1242026,8.29,CHEMBL3234,Tyrosine-protein kinase HCK,0.0051
19595,CCC(C)n1nc(c2ccc(C)c(O)c2)c3c(N)ncnc13,CHEMBL1242109,7.72,CHEMBL3234,Tyrosine-protein kinase HCK,0.019
19596,CC(C)n1nc(c2cccc(O)c2F)c3c(N)ncnc13,CHEMBL1242110,7.12,CHEMBL3234,Tyrosine-protein kinase HCK,0.076
19597,Nc1ncnc2c1c(nn2C3CCCC3)c4cccc(O)c4F,CHEMBL1242111,7.55,CHEMBL3234,Tyrosine-protein kinase HCK,0.028
19598,CC(C)n1nc(c2cc(O)cc(F)c2)c3c(N)ncnc13,CHEMBL1242198,7.33,CHEMBL3234,Tyrosine-protein kinase HCK,0.047
19599,Nc1ncnc2c1c(nn2C3CCCC3)c4cc(O)cc(F)c4,CHEMBL1242199,8.36,CHEMBL3234,Tyrosine-protein kinase HCK,0.0044
19600,COc1cc(Br)cc(c1)c2nn(C(C)C)c3ncnc(N)c23,CHEMBL1242200,6.36,CHEMBL3234,Tyrosine-protein kinase HCK,0.436
19601,COc1ccc(cc1OC)c2nn(C[C@H](C)CO)c3ncnc(N)c23,CHEMBL1242380,6.04,CHEMBL3234,Tyrosine-protein kinase HCK,0.92
19602,COc1ccc(cc1OC)c2nn(C[C@@H](C)CO)c3ncnc(N)c23,CHEMBL1242381,5.7,CHEMBL3234,Tyrosine-protein kinase HCK,2.0
19603,COc1ccc(cc1OC)c2nn(C3CCCC3)c4ncnc(N)c24,CHEMBL1240553,6.93,CHEMBL3234,Tyrosine-protein kinase HCK,0.117
19604,CCOc1ccc(cc1OC)c2n[nH]c3ncnc(N)c23,CHEMBL1242471,5.22,CHEMBL3234,Tyrosine-protein kinase HCK,6.0
19605,CCOc1ccc(cc1OC)c2nn(C(C)C)c3ncnc(N)c23,CHEMBL1242472,6.26,CHEMBL3234,Tyrosine-protein kinase HCK,0.551
19606,CCOc1ccc(cc1OC)c2nn(CC=C)c3ncnc(N)c23,CHEMBL1242569,5.47,CHEMBL3234,Tyrosine-protein kinase HCK,3.4
19607,CCOc1ccc(cc1OC)c2nn(C3CCCC3)c4ncnc(N)c24,CHEMBL1240554,6.54,CHEMBL3234,Tyrosine-protein kinase HCK,0.285
19608,CCOc1ccc(cc1OC)c2nn(C3CCCCC3)c4ncnc(N)c24,CHEMBL1242659,6.07,CHEMBL3234,Tyrosine-protein kinase HCK,0.861
19609,COc1cc(cc(OC)c1OC)c2nn(C(C)C)c3ncnc(N)c23,CHEMBL1242660,7.02,CHEMBL3234,Tyrosine-protein kinase HCK,0.096
19610,COc1cccc(c1OC)c2nn(C(C)C)c3ncnc(N)c23,CHEMBL1242751,6.13,CHEMBL3234,Tyrosine-protein kinase HCK,0.733
19611,CCOc1cc(ccc1OC)c2nn(C(C)C)c3ncnc(N)c23,CHEMBL1242752,5.92,CHEMBL3234,Tyrosine-protein kinase HCK,1.2
19612,CCOc1cc(ccc1OC)c2nn(CCO)c3ncnc(N)c23,CHEMBL1242753,4.98,CHEMBL3234,Tyrosine-protein kinase HCK,10.5
19613,COc1ncc(c(OC)n1)c2nn(C(C)C)c3ncnc(N)c23,CHEMBL1242846,5.8,CHEMBL3234,Tyrosine-protein kinase HCK,1.6
19614,COc1ccc(cc1)c2nn(C(C)C)c3ncnc(N)c23,CHEMBL1242847,6.42,CHEMBL3234,Tyrosine-protein kinase HCK,0.38
19615,CC(C)n1nc(c2ccc(N)c(O)c2)c3c(N)ncnc13,CHEMBL1242848,7.34,CHEMBL3234,Tyrosine-protein kinase HCK,0.046
19616,COc1cc(ccc1N)c2nn(C(C)C)c3ncnc(N)c23,CHEMBL1241485,7.43,CHEMBL3234,Tyrosine-protein kinase HCK,0.037000000000000005
19617,COc1cc(ccc1NC(C)CO)c2nn(C(C)C)c3ncnc(N)c23,CHEMBL1241486,6.25,CHEMBL3234,Tyrosine-protein kinase HCK,0.5670000000000001
19618,Nc1ccc(cc1O)c2nn(C3CCCC3)c4ncnc(N)c24,CHEMBL1241487,7.89,CHEMBL3234,Tyrosine-protein kinase HCK,0.013
19619,COc1cc(ccc1N)c2nn(C3CCCC3)c4ncnc(N)c24,CHEMBL1241581,8.7,CHEMBL3234,Tyrosine-protein kinase HCK,0.002
19620,CC(C)n1nc(c2cccc(CO)c2)c3c(N)ncnc13,CHEMBL1241582,5.62,CHEMBL3234,Tyrosine-protein kinase HCK,2.4
19621,CC(C)n1nc(c2cccc(CC#N)c2)c3c(N)ncnc13,CHEMBL1241583,5.3,CHEMBL3234,Tyrosine-protein kinase HCK,5.0
19622,CC(C)n1nc(c2ccc(CC#N)cc2)c3c(N)ncnc13,CHEMBL1240545,6.29,CHEMBL3234,Tyrosine-protein kinase HCK,0.51
19623,CC(C)n1nc(c2cccc(c2)C#N)c3c(N)ncnc13,CHEMBL1241679,4.3,CHEMBL3234,Tyrosine-protein kinase HCK,50.0
19624,CC(C)n1nc(c2ccc(F)c(c2)C#N)c3c(N)ncnc13,CHEMBL1241680,6.0,CHEMBL3234,Tyrosine-protein kinase HCK,1.0
19625,CC(C)n1nc(c2ccc(C#N)c(F)c2)c3c(N)ncnc13,CHEMBL1241771,5.37,CHEMBL3234,Tyrosine-protein kinase HCK,4.3
19626,CC(C)n1nc(c2ccc(nc2)C#N)c3c(N)ncnc13,CHEMBL1241772,4.89,CHEMBL3234,Tyrosine-protein kinase HCK,13.0
19627,CC(C)n1nc(c2cccnc2)c3c(N)ncnc13,CHEMBL1241390,5.04,CHEMBL3234,Tyrosine-protein kinase HCK,9.2
19628,CC(C)n1nc(c2cncnc2)c3c(N)ncnc13,CHEMBL1241391,4.89,CHEMBL3234,Tyrosine-protein kinase HCK,13.0
19629,CC(C)n1nc(c2ccc(cc2)C(=O)C)c3c(N)ncnc13,CHEMBL1241773,5.85,CHEMBL3234,Tyrosine-protein kinase HCK,1.4
19630,CC(C)n1nc(c2ccc(C=O)c(F)c2)c3c(N)ncnc13,CHEMBL1241860,6.07,CHEMBL3234,Tyrosine-protein kinase HCK,0.855
19631,CC(C)n1nc(c2cc(F)c(C=O)c(F)c2)c3c(N)ncnc13,CHEMBL1241861,6.29,CHEMBL3234,Tyrosine-protein kinase HCK,0.516
19632,CC(C)n1nc(c2ccc(C(=O)N)c(Cl)c2)c3c(N)ncnc13,CHEMBL1241862,5.1,CHEMBL3234,Tyrosine-protein kinase HCK,7.9
19633,CC(C)n1nc(c2cccc(c2)C(=O)C)c3c(N)ncnc13,CHEMBL1241946,5.64,CHEMBL3234,Tyrosine-protein kinase HCK,2.3
19634,CC(C)n1nc(c2occ(C=O)c2)c3c(N)ncnc13,CHEMBL1241439,5.36,CHEMBL3234,Tyrosine-protein kinase HCK,4.4
19635,CC(C)n1nc(c2cc(C)c(C=O)s2)c3c(N)ncnc13,CHEMBL1241947,5.1,CHEMBL3234,Tyrosine-protein kinase HCK,7.9
19636,CC(C)n1nc(c2cccc(NS(=O)(=O)C)c2)c3c(N)ncnc13,CHEMBL1241948,5.44,CHEMBL3234,Tyrosine-protein kinase HCK,3.6
19637,CC(C)n1nc(c2ccc(NS(=O)(=O)C)cc2)c3c(N)ncnc13,CHEMBL1242030,5.64,CHEMBL3234,Tyrosine-protein kinase HCK,2.3
19638,CC(C)n1nc(c2cccc(c2)S(=O)(=O)N)c3c(N)ncnc13,CHEMBL1242031,5.28,CHEMBL3234,Tyrosine-protein kinase HCK,5.3
19639,CC(C)n1nc(c2ccc(cc2)S(=O)(=O)N)c3c(N)ncnc13,CHEMBL1242032,5.82,CHEMBL3234,Tyrosine-protein kinase HCK,1.5
19640,CC(C)n1nc(c2cccc(c2)C(=O)NC3=NCCS3)c4c(N)ncnc14,CHEMBL1242115,5.62,CHEMBL3234,Tyrosine-protein kinase HCK,2.4
19641,Nc1ncnc2c1c(nn2C3CCCC3)c4ccc(Cl)c(O)c4,CHEMBL1241676,9.74,CHEMBL3234,Tyrosine-protein kinase HCK,0.00018
19642,Nc1ncnc2c1c(nn2[C@@H]3CCNC3)c4ccc(Cl)c(O)c4,CHEMBL1241677,7.7,CHEMBL3234,Tyrosine-protein kinase HCK,0.02
19643,Nc1ncnc2c1c(nn2[C@H]3CCOC3)c4ccc(Cl)c(O)c4,CHEMBL1241678,8.06,CHEMBL3234,Tyrosine-protein kinase HCK,0.0088
19644,Nc1ncnc2c1c(nn2[C@@H]3CCOC3)c4ccc(Cl)c(O)c4,CHEMBL1241768,8.1,CHEMBL3234,Tyrosine-protein kinase HCK,0.008
19645,Nc1ncnc2c1c(nn2CC3CCCN3)c4ccc(Cl)c(O)c4,CHEMBL1241769,6.48,CHEMBL3234,Tyrosine-protein kinase HCK,0.328
19646,Nc1ncnc2c1c(nn2CC3CCNC3)c4ccc(Cl)c(O)c4,CHEMBL1241770,7.17,CHEMBL3234,Tyrosine-protein kinase HCK,0.067
19647,Nc1ncnc2c1c(nn2CC3CCCNC3)c4ccc(Cl)c(O)c4,CHEMBL1241858,5.95,CHEMBL3234,Tyrosine-protein kinase HCK,1.13
19648,Nc1ncnc2c1c(nn2CC3CCNCC3)c4ccc(Cl)c(O)c4,CHEMBL1241859,6.06,CHEMBL3234,Tyrosine-protein kinase HCK,0.862
19649,Nc1ncnc2c1c(nn2CCC3CCCNC3)c4ccc(Cl)c(O)c4,CHEMBL1241943,6.61,CHEMBL3234,Tyrosine-protein kinase HCK,0.244
19650,CC(C)n1nc(c2ccc(C#N)c(O)c2)c3c(N)ncnc13,CHEMBL1241944,6.15,CHEMBL3234,Tyrosine-protein kinase HCK,0.708
19651,CC(C)n1nc(c2ccc(O)c(F)c2)c3c(N)ncnc13,CHEMBL1241945,7.58,CHEMBL3234,Tyrosine-protein kinase HCK,0.026
19652,COc1cc(F)c(cc1F)c2nn(C(C)C)c3ncnc(N)c23,CHEMBL1242027,6.95,CHEMBL3234,Tyrosine-protein kinase HCK,0.113
19653,CC(C)n1nc(c2cc(F)c(O)cc2F)c3c(N)ncnc13,CHEMBL1242028,7.12,CHEMBL3234,Tyrosine-protein kinase HCK,0.076
19654,COc1cccc(c1)c2nn(C(C)C)c3ncnc(N)c23,CHEMBL1242029,6.75,CHEMBL3234,Tyrosine-protein kinase HCK,0.18
19655,COc1cc(ccc1O)c2nn(C(C)C)c3ncnc(N)c23,CHEMBL1242112,7.0,CHEMBL3234,Tyrosine-protein kinase HCK,0.1
19656,COc1ccc(cc1O)c2n[nH]c3ncnc(N)c23,CHEMBL1241300,6.21,CHEMBL3234,Tyrosine-protein kinase HCK,0.624
19657,COc1ccc(cc1O)c2nn(C)c3ncnc(N)c23,CHEMBL1241301,6.1,CHEMBL3234,Tyrosine-protein kinase HCK,0.794
19658,CCn1nc(c2ccc(OC)c(O)c2)c3c(N)ncnc13,CHEMBL1242113,6.94,CHEMBL3234,Tyrosine-protein kinase HCK,0.115
19659,COc1ccc(cc1O)c2nn(C(C)C)c3ncnc(N)c23,CHEMBL1242114,7.75,CHEMBL3234,Tyrosine-protein kinase HCK,0.018000000000000002
19660,COc1ccc(cc1O)c2nn(C3CCCC3)c4ncnc(N)c24,CHEMBL1242201,7.75,CHEMBL3234,Tyrosine-protein kinase HCK,0.018000000000000002
19661,COc1ccc(cc1O)c2nn(C3CCC(C)C3)c4ncnc(N)c24,CHEMBL1242202,8.0,CHEMBL3234,Tyrosine-protein kinase HCK,0.01
19662,COc1ccc(cc1O)c2nn(C3CNC3)c4ncnc(N)c24,CHEMBL1242203,5.92,CHEMBL3234,Tyrosine-protein kinase HCK,1.2
19663,COc1ccc(cc1O)c2nn([C@@H]3CCNC3)c4ncnc(N)c24,CHEMBL1242288,6.51,CHEMBL3234,Tyrosine-protein kinase HCK,0.311
19664,CCOc1ccc(cc1O)c2nn(C3CCCC3)c4ncnc(N)c24,CHEMBL1242289,7.09,CHEMBL3234,Tyrosine-protein kinase HCK,0.08199999999999999
19665,COc1ccc(cc1OC)c2nn(C(C)C)c3ncnc(N)c23,CHEMBL1242290,5.96,CHEMBL3234,Tyrosine-protein kinase HCK,1.1
19666,COc1ccc(cc1OC)c2nn(c3ncnc(N)c23)C(C)(C)C,CHEMBL1242379,6.36,CHEMBL3234,Tyrosine-protein kinase HCK,0.44
19667,CCOc1ccc2cc(ccc2c1)c3nn(C)c4ncnc(N)c34,CHEMBL1242661,6.27,CHEMBL3234,Tyrosine-protein kinase HCK,0.54
19668,CC(C)n1nc(c2ccc3cc(O)ccc3c2)c4c(N)ncnc14,CHEMBL1242662,7.7,CHEMBL3234,Tyrosine-protein kinase HCK,0.02
19669,CC(C)n1nc(c2cc3ccccc3nc2Cl)c4c(N)ncnc14,CHEMBL1242663,5.8,CHEMBL3234,Tyrosine-protein kinase HCK,1.6
19670,CC(C)n1nc(c2cnc3ccccc3c2)c4c(N)ncnc14,CHEMBL1242754,6.38,CHEMBL3234,Tyrosine-protein kinase HCK,0.422
19671,Nc1ncnc2c1c(nn2C3CCCC3)c4cnc5ccccc5c4,CHEMBL1242755,6.49,CHEMBL3234,Tyrosine-protein kinase HCK,0.326
19672,Cn1nc(c2ccc3ncccc3c2)c4c(N)ncnc14,CHEMBL1242756,4.0,CHEMBL3234,Tyrosine-protein kinase HCK,100.0
19673,Nc1ncnc2c1c(nn2C3CCCC3)c4ccc5ncccc5c4,CHEMBL1241681,6.27,CHEMBL3234,Tyrosine-protein kinase HCK,0.54
19674,CC(C)n1nc(c2ccc3nc(C)ccc3c2)c4c(N)ncnc14,CHEMBL1241682,5.66,CHEMBL3234,Tyrosine-protein kinase HCK,2.2
19675,CC(C)n1nc(c2ccc3nc(Cl)ccc3c2)c4c(N)ncnc14,CHEMBL1241683,6.06,CHEMBL3234,Tyrosine-protein kinase HCK,0.878
19676,CC(C)n1nc(c2ccc3nccnc3c2)c4c(N)ncnc14,CHEMBL1241774,6.02,CHEMBL3234,Tyrosine-protein kinase HCK,0.946
19677,CC(C)n1nc(c2cnc3nccnc3c2)c4c(N)ncnc14,CHEMBL1241775,4.92,CHEMBL3234,Tyrosine-protein kinase HCK,12.0
19678,CC(C)n1nc(c2ccc3N=CNC(=O)c3c2)c4c(N)ncnc14,CHEMBL1241776,6.61,CHEMBL3234,Tyrosine-protein kinase HCK,0.248
19679,CC(C)n1nc(c2ccc3NC(=O)C=Cc3c2)c4c(N)ncnc14,CHEMBL1241863,5.57,CHEMBL3234,Tyrosine-protein kinase HCK,2.7
19680,Nc1ncnc2c1c(nn2C3CCCC3)c4ccc5NC(=O)C=Cc5c4,CHEMBL1241864,5.96,CHEMBL3234,Tyrosine-protein kinase HCK,1.1
19681,CC(C)n1nc(c2ccc3nc(N)ccc3c2)c4c(N)ncnc14,CHEMBL1241949,4.77,CHEMBL3234,Tyrosine-protein kinase HCK,17.0
19682,CC(C)n1nc(c2ccc3nc(NN)ccc3c2)c4c(N)ncnc14,CHEMBL1241950,5.37,CHEMBL3234,Tyrosine-protein kinase HCK,4.3
19683,CC(C)n1nc(c2ccc3nccc(NC(=O)OC(C)(C)C)c3c2)c4c(N)ncnc14,CHEMBL1242033,4.77,CHEMBL3234,Tyrosine-protein kinase HCK,17.0
19684,CC(C)n1nc(c2ccc3nccc(N)c3c2)c4c(N)ncnc14,CHEMBL1242034,5.47,CHEMBL3234,Tyrosine-protein kinase HCK,3.4
19685,Cn1nc(c2ccc3OC=CC(=O)c3c2)c4c(N)ncnc14,CHEMBL1242117,4.77,CHEMBL3234,Tyrosine-protein kinase HCK,17.0
19686,CC(C)n1nc(c2ccc3OC=CC(=O)c3c2)c4c(N)ncnc14,CHEMBL1242118,5.6,CHEMBL3234,Tyrosine-protein kinase HCK,2.5
19687,Nc1ncnc2c1c(nn2C3CCCC3)c4ccc5OC=CC(=O)c5c4,CHEMBL1242119,5.96,CHEMBL3234,Tyrosine-protein kinase HCK,1.1
19688,CC(C)n1nc(c2ccc3cnccc3c2)c4c(N)ncnc14,CHEMBL1242207,4.0,CHEMBL3234,Tyrosine-protein kinase HCK,100.0
19689,CC(C)n1nc(c2ccc3ccncc3c2)c4c(N)ncnc14,CHEMBL1242208,5.75,CHEMBL3234,Tyrosine-protein kinase HCK,1.8
19690,CC(C)n1nc(c2ccc3ccc(C)nc3c2)c4c(N)ncnc14,CHEMBL1242209,4.8,CHEMBL3234,Tyrosine-protein kinase HCK,16.0
19691,Cn1nc(c2cnc3[nH]ccc3c2)c4c(N)ncnc14,CHEMBL1240565,6.38,CHEMBL3234,Tyrosine-protein kinase HCK,0.42
19692,CC(C)n1nc(c2cnc3[nH]ccc3c2)c4c(N)ncnc14,CHEMBL1242293,8.0,CHEMBL3234,Tyrosine-protein kinase HCK,0.01
19693,CC(C)n1nc(c2ccc3[nH]ccc3c2)c4c(N)ncnc14,CHEMBL1242294,7.82,CHEMBL3234,Tyrosine-protein kinase HCK,0.015
19694,Nc1ncnc2c1c(nn2C3CCCC3)c4ccc5[nH]ccc5c4,CHEMBL1242295,8.27,CHEMBL3234,Tyrosine-protein kinase HCK,0.0054
19695,CC(C)n1nc(c2ccc3c(ccn3C)c2)c4c(N)ncnc14,CHEMBL1242384,6.82,CHEMBL3234,Tyrosine-protein kinase HCK,0.153
19696,Cn1ccc2cc(ccc12)c3nn(C4CCCC4)c5ncnc(N)c35,CHEMBL1242385,6.83,CHEMBL3234,Tyrosine-protein kinase HCK,0.14800000000000002
19697,CC(C)n1nc(c2ccc3[nH]ncc3c2)c4c(N)ncnc14,CHEMBL1242386,7.28,CHEMBL3234,Tyrosine-protein kinase HCK,0.053
19698,Nc1ncnc2c1c(nn2C3CCCC3)c4ccc5[nH]ncc5c4,CHEMBL1242475,7.48,CHEMBL3234,Tyrosine-protein kinase HCK,0.033
19699,CC(C)n1nc(c2ccc3c(N)n[nH]c3c2)c4c(N)ncnc14,CHEMBL1242476,7.46,CHEMBL3234,Tyrosine-protein kinase HCK,0.035
19700,CC(C)n1nc(c2ccc3cn[nH]c3c2)c4c(N)ncnc14,CHEMBL1242477,7.52,CHEMBL3234,Tyrosine-protein kinase HCK,0.03
19701,Nc1ncnc2c1c(nn2C3CCCC3)c4ccc5cn[nH]c5c4,CHEMBL1242572,7.43,CHEMBL3234,Tyrosine-protein kinase HCK,0.037000000000000005
19702,CC(C)n1nc(c2cc(F)c3cn[nH]c3c2)c4c(N)ncnc14,CHEMBL1242573,7.12,CHEMBL3234,Tyrosine-protein kinase HCK,0.076
19703,Cn1nc(c2ccc3cc[nH]c3c2)c4c(N)ncnc14,CHEMBL1240566,6.66,CHEMBL3234,Tyrosine-protein kinase HCK,0.22
19704,CC(C)n1nc(c2ccc3cc[nH]c3c2)c4c(N)ncnc14,CHEMBL1242574,7.75,CHEMBL3234,Tyrosine-protein kinase HCK,0.018000000000000002
19705,Nc1ncnc2c1c(nn2C3CCCC3)c4ccc5cc[nH]c5c4,CHEMBL1242664,8.3,CHEMBL3234,Tyrosine-protein kinase HCK,0.005
19706,CC(C)n1nc(c2ccn3ccnc3c2)c4c(N)ncnc14,CHEMBL1242665,4.0,CHEMBL3234,Tyrosine-protein kinase HCK,100.0
19707,CC(C)n1nc(c2ccc3c(C=O)c[nH]c3c2)c4c(N)ncnc14,CHEMBL1242666,6.57,CHEMBL3234,Tyrosine-protein kinase HCK,0.27
19708,CC(C)n1nc(c2cccc3[nH]ccc23)c4c(N)ncnc14,CHEMBL1242757,5.92,CHEMBL3234,Tyrosine-protein kinase HCK,1.2
19709,Nc1ncnc2c1c(nn2C3CCCC3)c4cccc5[nH]ccc45,CHEMBL1242758,7.24,CHEMBL3234,Tyrosine-protein kinase HCK,0.057
19710,CC(C)n1nc(c2ccc3c(ccn3C(=O)OC(C)(C)C)c2)c4c(N)ncnc14,CHEMBL1242852,8.05,CHEMBL3234,Tyrosine-protein kinase HCK,0.009000000000000001
19711,CC(C)(C)OC(=O)n1ccc2cc(ccc12)c3nn(C4CCCC4)c5ncnc(N)c35,CHEMBL1242853,7.32,CHEMBL3234,Tyrosine-protein kinase HCK,0.048
19712,CC(C)n1nc(c2ccc3occc3c2)c4c(N)ncnc14,CHEMBL1241490,7.04,CHEMBL3234,Tyrosine-protein kinase HCK,0.091
19713,Nc1ncnc2c1c(nn2C3CCCC3)c4ccc5occc5c4,CHEMBL1241491,7.25,CHEMBL3234,Tyrosine-protein kinase HCK,0.056
19714,CC(C)n1nc(c2ccc3nonc3c2)c4c(N)ncnc14,CHEMBL1241492,5.89,CHEMBL3234,Tyrosine-protein kinase HCK,1.3
19715,CC(C)n1nc(c2ccc3NC(=O)Nc3c2)c4c(N)ncnc14,CHEMBL1241586,5.32,CHEMBL3234,Tyrosine-protein kinase HCK,4.8
19716,CC(C)n1nc(c2ccc3OCCc3c2)c4c(N)ncnc14,CHEMBL1241587,6.05,CHEMBL3234,Tyrosine-protein kinase HCK,0.889
19717,CC(C)n1nc(c2ccc3OCCOc3c2)c4c(N)ncnc14,CHEMBL1241588,6.0,CHEMBL3234,Tyrosine-protein kinase HCK,1.0
19718,CC(C)n1nc(c2cc3cc(C=O)ccc3s2)c4c(N)ncnc14,CHEMBL1241684,4.92,CHEMBL3234,Tyrosine-protein kinase HCK,12.0
19721,C[C@]12O[C@H](C[C@]1(O)CO)n3c4ccccc4c5c6C(=O)NCc6c7c8ccccc8n2c7c35,CHEMBL603469,6.57,CHEMBL3234,Tyrosine-protein kinase HCK,270.0
19722,CNC(=O)c1cc(Oc2ccc(NC(=O)Nc3ccc(Cl)c(c3)C(F)(F)F)cc2)ccn1,CHEMBL1336,6.28,CHEMBL3234,Tyrosine-protein kinase HCK,0.53
19724,COc1cc(Nc2c(cnc3cc(OCCCN4CCN(C)CC4)c(OC)cc23)C#N)c(Cl)cc1Cl,CHEMBL288441,8.49,CHEMBL3234,Tyrosine-protein kinase HCK,3.2
19727,CO[C@@H]1[C@@H](C[C@H]2O[C@]1(C)n3c4ccccc4c5c6[C@H](O)NC(=O)c6c7c8ccccc8n2c7c35)N(C)C(=O)c9ccccc9,CHEMBL1240703,6.02,CHEMBL3234,Tyrosine-protein kinase HCK,960.0
19728,CSc1nc(Nc2cccc(Cl)c2)c3cnn(CCc4ccccc4)c3n1,CHEMBL1836673,5.76,CHEMBL3234,Tyrosine-protein kinase HCK,1.72
19729,CSc1nc(Nc2ccccc2)c3cnn(CC(C)c4ccccc4)c3n1,CHEMBL1836678,5.41,CHEMBL3234,Tyrosine-protein kinase HCK,3.87
19730,CSc1nc(Nc2cccc(Cl)c2)c3cnn(CC(C)c4ccccc4)c3n1,CHEMBL1836679,5.3,CHEMBL3234,Tyrosine-protein kinase HCK,5.0
19731,COc1cc2c(Oc3ccc4[nH]c(C)cc4c3F)ncnc2cc1OCCCN5CCCC5,CHEMBL491473,6.23,CHEMBL3234,Tyrosine-protein kinase HCK,590.0
19735,COc1cc(ccc1Nc2ncc(Cl)c(Nc3ccccc3S(=O)(=O)C(C)C)n2)N4CCC(CC4)N5CCN(C)CC5,CHEMBL509032,6.39,CHEMBL3234,Tyrosine-protein kinase HCK,410.0
19736,COC(=O)c1ccc2\C(=C(\Nc3ccc(cc3)N(C)C(=O)CN4CCN(C)CC4)/c5ccccc5)\C(=O)Nc2c1,CHEMBL502835,5.28,CHEMBL3234,Tyrosine-protein kinase HCK,5300.0
19737,Cl.CN(C)CC(=O)N1CCC(CC1)c2ccc(NC(=O)c3nc(c[nH]3)C#N)c(c2)C4=CCCCC4,CHEMBL1908395,5.43,CHEMBL3234,Tyrosine-protein kinase HCK,3700.0
19740,COc1cc(Oc2ccnc3cc(OC)c(OC)cc23)ccc1NC(=O)NC(C)c4nccs4,CHEMBL1908396,6.36,CHEMBL3234,Tyrosine-protein kinase HCK,440.0
19741,CCCS(=O)(=O)Nc1ccc(F)c(C(=O)c2c[nH]c3ncc(Cl)cc23)c1F,CHEMBL1230020,5.57,CHEMBL3234,Tyrosine-protein kinase HCK,2700.0
19742,Cc1cnc(Nc2ccc(OCCN3CCCC3)cc2)nc1Nc4cccc(c4)S(=O)(=O)NC(C)(C)C,CHEMBL1287853,5.68,CHEMBL3234,Tyrosine-protein kinase HCK,2100.0
19743,CN(C)C\C=C\C(=O)Nc1cc2c(Nc3ccc(F)c(Cl)c3)ncnc2cc1O[C@H]4CCOC4,CHEMBL1173655,5.66,CHEMBL3234,Tyrosine-protein kinase HCK,2200.0
19744,COc1cc2c(Oc3ccc(NC(=O)C4(CC4)C(=O)Nc5ccc(F)cc5)cc3F)ccnc2cc1OCCCN6CCOCC6,CHEMBL1230609,7.82,CHEMBL3234,Tyrosine-protein kinase HCK,15.0
19745,O=C(N1CCNCC1)c2ccc(\C=C\c3n[nH]c4ccccc34)cc2,CHEMBL1908397,5.37,CHEMBL3234,Tyrosine-protein kinase HCK,4300.0
19748,CN1CCN(CC1)c2cc(Nc3cc(C)[nH]n3)nc(Sc4ccc(NC(=O)C5CC5)cc4)n2,CHEMBL572878,5.21,CHEMBL3234,Tyrosine-protein kinase HCK,6200.0
19749,CN1CCN(Cc2ccc(cc2)C(=O)Nc3ccc(C)c(Nc4nc(cs4)c5cccnc5)c3)CC1,CHEMBL1908391,6.16,CHEMBL3234,Tyrosine-protein kinase HCK,690.0
19750,COc1cc(Nc2ncc(F)c(Nc3ccc4OC(C)(C)C(=O)Nc4n3)n2)cc(OC)c1OC,CHEMBL475251,6.82,CHEMBL3234,Tyrosine-protein kinase HCK,150.0
19751,C[C@@H](O)COc1cn2ncnc(Oc3ccc4[nH]c(C)cc4c3F)c2c1C,CHEMBL377300,5.57,CHEMBL3234,Tyrosine-protein kinase HCK,2700.0
19754,CC1(C)CNc2cc(NC(=O)c3cccnc3NCc4ccncc4)ccc12,CHEMBL572881,5.07,CHEMBL3234,Tyrosine-protein kinase HCK,8600.0
19760,Cc1cn(cn1)c2cc(NC(=O)c3ccc(C)c(Nc4nccc(n4)c5cccnc5)c3)cc(c2)C(F)(F)F,CHEMBL255863,6.41,CHEMBL3234,Tyrosine-protein kinase HCK,390.0
19763,CN(c1ccc2c(C)n(C)nc2c1)c3ccnc(Nc4ccc(C)c(c4)S(=O)(=O)N)n3,CHEMBL477772,5.24,CHEMBL3234,Tyrosine-protein kinase HCK,5700.0
19766,CCOc1cc2ncc(C#N)c(Nc3ccc(OCc4ccccn4)c(Cl)c3)c2cc1NC(=O)\C=C\CN(C)C,CHEMBL180022,6.31,CHEMBL3234,Tyrosine-protein kinase HCK,490.0
19767,CSc1cccc(Nc2ncc3C=C(C(=O)N(C)c3n2)c4c(Cl)cccc4Cl)c1,CHEMBL386051,8.48,CHEMBL3234,Tyrosine-protein kinase HCK,3.3
19768,Cc1ccc(cc1)n2nc(cc2NC(=O)Nc3ccc(OCCN4CCOCC4)c5ccccc35)C(C)(C)C,CHEMBL103667,5.77,CHEMBL3234,Tyrosine-protein kinase HCK,1.7
19769,NC1CCCCC1Nc2ccc(C(=O)N)c(Nc3cccc(Cl)c3)n2,CHEMBL1982753,5.8,CHEMBL3234,Tyrosine-protein kinase HCK,5.8
19770,Oc1cc(O)cc(C=Cc2ccc(O)c(O)c2)c1,CHEMBL1972346,6.4,CHEMBL3234,Tyrosine-protein kinase HCK,6.4
19772,CNC(=O)c1ccccc1Nc2nc(Nc3ccc(cc3OC)N4CCOCC4)ncc2Cl,CHEMBL458997,5.8,CHEMBL3234,Tyrosine-protein kinase HCK,5.8
19773,CN(c1ncccc1CNc2nc(Nc3ccc4NC(=O)Cc4c3)ncc2C(F)(F)F)S(=O)(=O)C,CHEMBL1084546,5.5,CHEMBL3234,Tyrosine-protein kinase HCK,5.5
19774,Cc1cccc(Nc2nc(NC3CCCCC3N)cnc2C(=O)N)c1,CHEMBL1974328,6.7,CHEMBL3234,Tyrosine-protein kinase HCK,6.7
19775,CCN(CC)CCNC(=O)c1c(C)[nH]c(C=C2C(=O)Nc3ccc(F)cc23)c1C,CHEMBL1990885,6.7,CHEMBL3234,Tyrosine-protein kinase HCK,6.7
19778,Cc1cccc(NC(=O)Nc2ccc(cc2)c3csc4c(cnc(N)c34)C#CCCCCCCCCN)c1,CHEMBL1978166,5.9,CHEMBL3234,Tyrosine-protein kinase HCK,5.9
19785,CNC1CC2OC(C)(C1OC)n3c4ccccc4c5c6CNC(=O)c6c7c8ccccc8n2c7c35,CHEMBL1980995,8.3,CHEMBL3234,Tyrosine-protein kinase HCK,8.3
19786,CNS(=O)(=O)c1ccccc1Nc2nc(Nc3cc(OC)c(OC)c(OC)c3)ncc2Cl,CHEMBL1993661,7.3,CHEMBL3234,Tyrosine-protein kinase HCK,7.3
19787,O=C(Nc1ccc(Nc2ccnc3NC(=O)c4ccccc4c23)cc1)c5ccccc5,CHEMBL2380845,6.02,CHEMBL3234,Tyrosine-protein kinase HCK,958.0
19788,Nc1ncnc2c1c(nn2c3cccc(c3)c4cnnn4CCCCCC(=O)NO)c5ccc(Cl)cc5,CHEMBL2408778,6.3,CHEMBL3234,Tyrosine-protein kinase HCK,504.0
19794,Cc1cc2cn[nH]c2cc1c3cccc4c(N)c(nnc34)C(=O)N,CHEMBL3586447,7.0,CHEMBL3234,Tyrosine-protein kinase HCK,99.0
19795,C[C@@H](NC(=O)CCCCCC(=O)Nc1cccc(Nc2nccc(Nc3cc([nH]n3)C4CC4)n2)c1)c5occc5,CHEMBL3617740,5.92,CHEMBL3234,Tyrosine-protein kinase HCK,1.2
19796,O=C(CCCCCC(=O)N1CCC[C@@H]1c2occc2)Nc3cccc(Nc4nccc(Nc5cc([nH]n5)C6CC6)n4)c3,CHEMBL3617738,6.14,CHEMBL3234,Tyrosine-protein kinase HCK,0.73
19797,CCCC(=O)Nc1cccc(Nc2nccc(Nc3cc([nH]n3)C4CC4)n2)c1,CHEMBL3617732,6.01,CHEMBL3234,Tyrosine-protein kinase HCK,0.98
19798,Oc1cccc(Nc2ccnc3cc(sc23)c4cccc(CN5CCOCC5)c4)c1,CHEMBL2336005,8.36,CHEMBL3234,Tyrosine-protein kinase HCK,4.4
19799,CN1C(=O)Nc2nccc(Oc3ccc(NC(=O)Nc4cc(nn4c5ccc(C)cc5)C(C)(C)C)c6ccccc36)c12,CHEMBL1090979,8.7,CHEMBL3234,Tyrosine-protein kinase HCK,2.0
19800,COc1ccc(cc1)n2nc(cc2NC(=O)Nc3ccc(OCc4ccnc5NC(=O)C=Nc45)c6ccccc36)C(C)(C)C,CHEMBL3695594,7.66,CHEMBL3234,Tyrosine-protein kinase HCK,22.0
19801,CC(C)c1cc(NC(=O)Nc2ccc(Oc3ccnc4NC(=O)C=Nc34)c5ccccc25)n(n1)c6ccc(C)cc6,CHEMBL3695578,8.4,CHEMBL3234,Tyrosine-protein kinase HCK,4.0
19802,CC(C)(C)c1cc(NC(=O)Nc2ccc(Oc3ccnc4NC(=O)C=Nc34)c(Cl)c2Cl)n(n1)c5ccc(CO)cc5,CHEMBL3695591,8.4,CHEMBL3234,Tyrosine-protein kinase HCK,4.0
19803,CC1=Nc2c(Oc3ccc(NC(=O)Nc4cc(nn4c5ccc(C)cc5)C(C)(C)C)c6ccccc36)ccnc2NC1=O,CHEMBL1214135,8.3,CHEMBL3234,Tyrosine-protein kinase HCK,5.0
19804,Cc1ccc(cc1)n2nc(cc2NC(=O)Nc3ccc(Oc4ncnc5NC(=O)Nc45)c6ccccc36)C(C)(C)C,CHEMBL3695587,7.44,CHEMBL3234,Tyrosine-protein kinase HCK,36.0
19805,CNS(=O)(=O)Cc1ccc(cc1)n2nc(cc2NC(=O)Nc3ccc(Oc4ccnc5NC(=O)C=Nc45)c6ccccc36)C(C)(C)C,CHEMBL3695574,8.52,CHEMBL3234,Tyrosine-protein kinase HCK,3.0
19806,CC(C)(C)c1cc(NC(=O)Nc2ccc(Oc3ccnc4NC(=O)C=Nc34)c5ccccc25)n(n1)c6ccc(O)cc6,CHEMBL3695588,7.75,CHEMBL3234,Tyrosine-protein kinase HCK,18.0
19807,COc1cc(ccc1CO)n2nc(cc2NC(=O)Nc3ccc(Oc4ccnc5NC(=O)C=Nc45)c6ccccc36)C(C)(C)C,CHEMBL3695590,8.3,CHEMBL3234,Tyrosine-protein kinase HCK,5.0
19808,Cc1ccc(s1)n2nc(cc2NC(=O)Nc3ccc(Oc4ccnc5NC(=O)C=Nc45)c6ccccc36)C(C)(C)C,CHEMBL3695593,8.52,CHEMBL3234,Tyrosine-protein kinase HCK,3.0
19809,CC(C)(C)c1cc(NC(=O)Nc2ccc(Oc3ccnc4NC(=O)C=Nc34)c5ccccc25)n(n1)c6ccc(CO)cc6,CHEMBL3695589,7.62,CHEMBL3234,Tyrosine-protein kinase HCK,24.0
19810,CC(C)(C)c1cc(NC(=O)Nc2ccc(Oc3ccnc4NC(=O)C=Nc34)c5ccccc25)n(n1)c6ccccc6,CHEMBL1214131,8.52,CHEMBL3234,Tyrosine-protein kinase HCK,3.0
19811,COc1ccc(cc1)n2nc(cc2NC(=O)Nc3ccc(Oc4ccnc5NC(=O)N(C(C)C)c45)c6ccccc36)C(C)(C)C,CHEMBL3695585,8.1,CHEMBL3234,Tyrosine-protein kinase HCK,8.0
19812,COc1ccc(cc1)n2nc(cc2NC(=O)Nc3ccc(Oc4ccnc5NC(=O)N(C)c45)c(Cl)c3Cl)C(C)(C)C,CHEMBL3695586,8.4,CHEMBL3234,Tyrosine-protein kinase HCK,4.0
19813,COCC(=O)Nc1cc(Oc2ccc(NC(=O)Nc3cc(nn3c4ccc(C)cc4)C(C)(C)C)c5ccccc25)ccn1,CHEMBL3695569,8.52,CHEMBL3234,Tyrosine-protein kinase HCK,3.0
19814,CC(C)(C)c1cc(NC(=O)Nc2ccc(Oc3ccnc4NC(=O)C=Nc34)c5ccccc25)n(n1)c6ccc(cc6)S(=O)(=O)C,CHEMBL3695579,8.52,CHEMBL3234,Tyrosine-protein kinase HCK,3.0
19815,CC(C)(C)c1cc(NC(=O)Nc2ccc(Oc3ccnc4NC(=O)C=Nc34)c5ccccc25)n(n1)c6ccc(Cl)c(Cl)c6,CHEMBL3695580,8.4,CHEMBL3234,Tyrosine-protein kinase HCK,4.0
19816,CSc1ccc(cc1)n2nc(cc2NC(=O)Nc3ccc(Oc4ccnc5NC(=O)C=Nc45)c6ccccc36)C(C)(C)C,CHEMBL3695581,8.4,CHEMBL3234,Tyrosine-protein kinase HCK,4.0
19817,COc1ccc(cc1)n2nc(cc2NC(=O)Nc3ccc(Oc4ccnc5NC(=O)N(C)c45)c6ccccc36)C(C)(C)C,CHEMBL3695583,8.52,CHEMBL3234,Tyrosine-protein kinase HCK,3.0
19818,CC(C)(C)c1cc(NC(=O)Nc2ccc(Oc3ccnc4NC(=O)C=Nc34)c5ccccc25)n(n1)c6ccc(Cl)cc6,CHEMBL3695575,6.04,CHEMBL3234,Tyrosine-protein kinase HCK,918.0
19819,Cc1ccc(cc1)n2nc(cc2NC(=O)Nc3ccc(Oc4ccnc5NC(=O)C=Nc45)c6ccccc36)C7(C)CC7,CHEMBL3695577,8.4,CHEMBL3234,Tyrosine-protein kinase HCK,4.0
19820,Cc1ccc(cc1)n2nc(cc2NC(=O)Nc3ccc(Oc4ccnc(Nc5ccccc5)n4)c6ccccc36)C(C)(C)C,CHEMBL3701217,8.1,CHEMBL3234,Tyrosine-protein kinase HCK,8.0
19821,COc1ccc(cc1)n2nc(cc2NC(=O)Nc3ccc(Oc4ccnc5NC(=O)C=Nc45)c6ccccc36)C(C)(C)C,CHEMBL3695573,6.34,CHEMBL3234,Tyrosine-protein kinase HCK,458.0
19822,CCN1C(=O)Nc2nccc(Oc3ccc(NC(=O)Nc4cc(nn4c5ccc(OC)cc5)C(C)(C)C)c6ccccc36)c12,CHEMBL3695584,8.3,CHEMBL3234,Tyrosine-protein kinase HCK,5.0
19823,COc1ccc(cn1)n2nc(cc2NC(=O)Nc3ccc(Oc4ccnc5NC(=O)N(C)c45)c6ccccc36)C(C)(C)C,CHEMBL3695572,8.3,CHEMBL3234,Tyrosine-protein kinase HCK,5.0
19824,CC(C)(C)c1cc(NC(=O)Nc2ccc(Oc3ccnc4NC(=O)Nc34)c5ncccc25)n(n1)c6ccccc6,CHEMBL3695570,8.15,CHEMBL3234,Tyrosine-protein kinase HCK,7.0
19826,COCC(=O)Nc1cc(COc2ccc(NC(=O)Nc3cc(nn3c4ccc(C)cc4)C(C)(C)C)c5ccccc25)ccn1,CHEMBL3695568,7.33,CHEMBL3234,Tyrosine-protein kinase HCK,47.0
19827,CC1=Nc2c(Oc3ccc(NC(=O)Nc4cc(nn4c5ccccc5)C(C)(C)C)c6ccccc36)ccnc2NC1=O,CHEMBL1214132,8.52,CHEMBL3234,Tyrosine-protein kinase HCK,3.0
19828,CC(C)(C)c1cc(NC(=O)Nc2ccc(Oc3ccnc4NC(=O)C=Nc34)c5ccccc25)n(n1)c6ccc(CO)nc6,CHEMBL3695592,8.52,CHEMBL3234,Tyrosine-protein kinase HCK,3.0
19829,Cc1ccc(cc1)n2nc(cc2NC(=O)Nc3ccc(Oc4ccnc5NC(=O)C=Nc45)c6ccccc36)C7CC7,CHEMBL3695576,8.05,CHEMBL3234,Tyrosine-protein kinase HCK,9.0
19830,Cc1ccc(cc1)n2nc(cc2NC(=O)Nc3ccc(Oc4ccnc5NC(=O)C=Nc45)c6ccccc36)C(C)(C)C,CHEMBL1214134,8.52,CHEMBL3234,Tyrosine-protein kinase HCK,3.0
19831,COc1ccc(cc1)n2nc(cc2NC(=O)Nc3ccc(Oc4ncnc5NC(=O)C=Nc45)c6ccccc36)C(C)(C)C,CHEMBL3695595,6.34,CHEMBL3234,Tyrosine-protein kinase HCK,458.0
19833,CC(C)n1nc(c2cc(on2)C3CC3)c4c(N)ncnc14,CHEMBL3753341,6.86,CHEMBL3234,Tyrosine-protein kinase HCK,137.0
19834,Cc1ccc(cc1)n2nc(cc2NC(=O)Nc3ccc(OCCn4ccnc4)c5ccccc35)C(C)(C)C,CHEMBL336001,5.31,CHEMBL3234,Tyrosine-protein kinase HCK,4937.0
19835,Cc1ccc(cc1)n2nc(cc2NC(=O)Nc3ccc(OCCc4ccncc4)c5ccccc35)C(C)(C)C,CHEMBL143134,6.04,CHEMBL3234,Tyrosine-protein kinase HCK,901.0
19836,Cc1ccc(cc1)n2nc(cc2NC(=O)Nc3ccc(OCCc4ccnc(N)c4)c5ccccc35)C(C)(C)C,CHEMBL3781587,6.08,CHEMBL3234,Tyrosine-protein kinase HCK,829.0
19837,Cc1ccc(cc1)n2nc(cc2NC(=O)Nc3ccc(OCCc4ccncc4N)c5ccccc35)C(C)(C)C,CHEMBL3780111,6.2,CHEMBL3234,Tyrosine-protein kinase HCK,625.0
19838,CC(=O)Nc1cc(CCOc2ccc(NC(=O)Nc3cc(nn3c4ccc(C)cc4)C(C)(C)C)c5ccccc25)ccn1,CHEMBL3781430,7.09,CHEMBL3234,Tyrosine-protein kinase HCK,82.0
19839,CC(=O)Nc1cnccc1CCOc2ccc(NC(=O)Nc3cc(nn3c4ccc(C)cc4)C(C)(C)C)c5ccccc25,CHEMBL3780488,6.32,CHEMBL3234,Tyrosine-protein kinase HCK,482.0
19840,COCC(=O)Nc1cnccc1CCOc2ccc(NC(=O)Nc3cc(nn3c4ccc(C)cc4)C(C)(C)C)c5ccccc25,CHEMBL3782036,5.95,CHEMBL3234,Tyrosine-protein kinase HCK,1117.0
19841,COCC(=O)Nc1cc(CCOc2ccc(NC(=O)Nc3cc(nn3c4ccc(C)cc4)C(C)(C)C)c5ccccc25)ccn1,CHEMBL3780154,6.79,CHEMBL3234,Tyrosine-protein kinase HCK,164.0
19842,CC(=O)Nc1nccn1CCOc2ccc(NC(=O)Nc3cc(nn3c4ccc(C)cc4)C(C)(C)C)c5ccccc25,CHEMBL3782009,5.49,CHEMBL3234,Tyrosine-protein kinase HCK,3221.0
19843,COC(=O)Nc1cc(CCOc2ccc(NC(=O)Nc3cc(nn3c4ccc(C)cc4)C(C)(C)C)c5ccccc25)ccn1,CHEMBL3781532,7.58,CHEMBL3234,Tyrosine-protein kinase HCK,26.0
19844,Cc1ccc(cc1)n2nc(cc2NC(=O)Nc3ccc(OCc4ccnc(NS(=O)(=O)C)c4)c5ccccc35)C(C)(C)C,CHEMBL3780714,5.67,CHEMBL3234,Tyrosine-protein kinase HCK,2141.0
19845,CC(=O)Nc1cc(COc2ccc(NC(=O)Nc3cc(nn3c4ccc(C)cc4)C(C)(C)C)c5ccccc25)ccn1,CHEMBL3781102,7.29,CHEMBL3234,Tyrosine-protein kinase HCK,51.0
19846,CNC(=O)Nc1cc(CCOc2ccc(NC(=O)Nc3cc(nn3c4ccc(C)cc4)C(C)(C)C)c5ccccc25)ccn1,CHEMBL3781687,7.58,CHEMBL3234,Tyrosine-protein kinase HCK,26.0
19847,Cc1ccc(cc1)n2nc(cc2NC(=O)Nc3ccc(OCc4ccnc(NC(=O)c5ccccc5)c4)c6ccccc36)C(C)(C)C,CHEMBL3780519,4.88,CHEMBL3234,Tyrosine-protein kinase HCK,13291.0
19848,Cc1ccc(cc1)n2nc(cc2NC(=O)Nc3ccc(OCc4ccnc(NC(=O)Cc5ccccc5)c4)c6ccccc36)C(C)(C)C,CHEMBL3781473,6.16,CHEMBL3234,Tyrosine-protein kinase HCK,692.0
19849,CN(C)CC(=O)Nc1cc(COc2ccc(NC(=O)Nc3cc(nn3c4ccc(C)cc4)C(C)(C)C)c5ccccc25)ccn1,CHEMBL3781244,6.71,CHEMBL3234,Tyrosine-protein kinase HCK,197.0
19850,Cc1ccc(cc1)n2nc(cc2NC(=O)Nc3ccc(OCc4ccnc(NC(=O)CN5CCOCC5)c4)c6ccccc36)C(C)(C)C,CHEMBL3780667,6.73,CHEMBL3234,Tyrosine-protein kinase HCK,187.0
19851,CSCC(=O)Nc1cc(COc2ccc(NC(=O)Nc3cc(nn3c4ccc(C)cc4)C(C)(C)C)c5ccccc25)ccn1,CHEMBL3781245,6.68,CHEMBL3234,Tyrosine-protein kinase HCK,208.0
19852,Cc1ccc(cc1)n2nc(cc2NC(=O)Nc3ccc(OCc4ccnc(NC(=O)CS(=O)(=O)C)c4)c5ccccc35)C(C)(C)C,CHEMBL3780832,6.96,CHEMBL3234,Tyrosine-protein kinase HCK,110.0
19854,COCC(=O)N(C)c1cc(COc2ccc(NC(=O)Nc3cc(nn3c4ccc(C)cc4)C(C)(C)C)c5ccccc25)ccn1,CHEMBL3780386,5.06,CHEMBL3234,Tyrosine-protein kinase HCK,8673.0
19855,COCC(=O)Nc1cc(ccn1)C(C)Oc2ccc(NC(=O)Nc3cc(nn3c4ccc(C)cc4)C(C)(C)C)c5ccccc25,CHEMBL3781982,6.09,CHEMBL3234,Tyrosine-protein kinase HCK,807.0
19856,COCC(=O)Nc1cc(ccn1)C(C)(C)Oc2ccc(NC(=O)Nc3cc(nn3c4ccc(C)cc4)C(C)(C)C)c5ccccc25,CHEMBL3781999,5.07,CHEMBL3234,Tyrosine-protein kinase HCK,8552.0
19859,COC(=O)c1cc2cc(NCc3cc(NC(=O)c4cc(cc(c4)C(F)(F)F)n5cnc(C)c5)ccc3C)cnc2[nH]1,CHEMBL3808884,7.66,CHEMBL3234,Tyrosine-protein kinase HCK,22.0
19860,CC1(C)C(=O)N([C@H]2CCc3c(O)cccc23)c4nc(Nc5ccccc5)ncc14,CHEMBL3884319,5.73,CHEMBL3234,Tyrosine-protein kinase HCK,1855.0
19861,Nc1ncnc2c1c(nn2[C@@H]3CCCN(C3)C(=O)C=C)c4ccc(Oc5ccccc5)cc4,CHEMBL1873475,8.43,CHEMBL3234,Tyrosine-protein kinase HCK,3.7
19862,Nc1ncnc2c1c(nn2[C@@H]3CC[C@@H](CC3)NC(=O)C=C)c4ccc(Oc5ccccc5)cc4,CHEMBL3647967,9.0,CHEMBL3234,Tyrosine-protein kinase HCK,1.0
19865,CN1CCN(CC1)[C@@H]2CC[C@H](CC2)n3cc(c4ccc(Oc5ccccc5)cc4)c6c(N)ncnc36,CHEMBL45177,9.37,CHEMBL3234,Tyrosine-protein kinase HCK,9.37
19866,CC(C)C[C@H](N[C@@H]1CC[C@H](CC1)n2cc(c3ccc(Oc4ccccc4)cc3)c5c(N)ncnc25)C(=O)N(C)C,CHEMBL4103186,6.16,CHEMBL3234,Tyrosine-protein kinase HCK,6.16
19867,CNC(=O)[C@H](CC(C)C)N[C@@H]1CC[C@H](CC1)n2cc(c3ccc(Oc4ccccc4)cc3)c5c(N)ncnc25,CHEMBL4085262,6.95,CHEMBL3234,Tyrosine-protein kinase HCK,6.95
19868,CC(C)C[C@H](N[C@@H]1CC[C@H](CC1)n2cc(c3ccc(Oc4ccccc4)cc3)c5c(N)ncnc25)C(=O)N,CHEMBL4065334,6.68,CHEMBL3234,Tyrosine-protein kinase HCK,6.68
19869,CC(C)C[C@H](N[C@@H]1CC[C@H](CC1)n2cc(c3ccc(Oc4ccccc4)cc3)c5c(N)ncnc25)C(=O)O,CHEMBL4093003,7.96,CHEMBL3234,Tyrosine-protein kinase HCK,7.96
19870,CCOC(=O)[C@H](CC(C)C)N[C@@H]1CC[C@H](CC1)n2cc(c3ccc(Oc4ccccc4)cc3)c5c(N)ncnc25,CHEMBL4073943,5.88,CHEMBL3234,Tyrosine-protein kinase HCK,5.88
19871,Cc1nnc2CN(CCn12)[C@@H]3CC[C@H](CC3)n4cc(c5ccc(Oc6ccccc6)cc5)c7c(N)ncnc47,CHEMBL4063307,7.05,CHEMBL3234,Tyrosine-protein kinase HCK,7.05
19872,Nc1ncnc2c1c(cn2[C@@H]3CC[C@H](CC3)N[C@H]4CCNC4=O)c5ccc(Oc6ccccc6)cc5,CHEMBL4061078,7.87,CHEMBL3234,Tyrosine-protein kinase HCK,7.87
19873,Nc1ncnc2c1c(cn2[C@@H]3CC[C@H](CC3)NCc4ccncc4)c5ccc(Oc6ccccc6)cc5,CHEMBL4071932,8.05,CHEMBL3234,Tyrosine-protein kinase HCK,8.05
19874,NC(=O)CN[C@@H]1CC[C@H](CC1)n2cc(c3ccc(Oc4ccccc4)cc3)c5c(N)ncnc25,CHEMBL4087733,8.12,CHEMBL3234,Tyrosine-protein kinase HCK,8.12
19875,Nc1ncnc2c1c(cn2[C@@H]3CC[C@H](CC3)NCC(=O)O)c4ccc(Oc5ccccc5)cc4,CHEMBL4066401,8.38,CHEMBL3234,Tyrosine-protein kinase HCK,8.38
19876,Nc1ncnc2c1c(cn2[C@@H]3CC[C@H](CC3)N4CCN(CCO)CC4)c5ccc(Oc6ccccc6)cc5,CHEMBL4095434,8.46,CHEMBL3234,Tyrosine-protein kinase HCK,8.46
19877,CC(C)N1CCN(CC1)[C@@H]2CC[C@H](CC2)n3cc(c4ccc(Oc5ccccc5)cc4)c6c(N)ncnc36,CHEMBL4075002,9.59,CHEMBL3234,Tyrosine-protein kinase HCK,9.59
19885,Nc1ncnc2c1c(cn2C3CCOCC3)c4ccc(Oc5ccccc5)cc4,CHEMBL296103,7.51,CHEMBL3234,Tyrosine-protein kinase HCK,31.0
19892,Nc1ncnc2c1c(cn2C[C@H]3CCCN3S(=O)(=O)C=C)c4ccc5OCOc5c4,CHEMBL4095253,6.7,CHEMBL3234,Tyrosine-protein kinase HCK,199.4
